<<<<<<< HEAD
<?xml version="1.0" encoding="UTF-8" ?>
<!DOCTYPE mapper PUBLIC "-//mybatis.org//DTD Mapper 3.0//EN" 
	"http://mybatis.org/dtd/mybatis-3-mapper.dtd">

<mapper namespace="com.ssafy.vue.mapper.HouseMapMapper">

	<select id="getSido" resultType="sidoGugunCodeDto">
		select left(sidoCode,2) sidoCode, sidoName
		from sidocode
		order by sidoCode
	</select>
	
	<select id="getGugunInSido" parameterType="string" resultType="sidoGugunCodeDto">
		select left(gugunCode,5) gugunCode, gugunName
		from guguncode
		where left(gugunCode,2) = #{sido}
		order by gugunCode
	</select>
	
	<select id="getDongInGugun" parameterType="string" resultType="houseInfoDto">
		select distinct dongName as dong, dongCode
		from dongcode
		where left(dongCode, 5) = #{gugun} and dongName is not null
		order by dongName
	</select>
	
	<select id="getAptInDong" parameterType="string" resultType="houseInfoDto">
		select h.aptCode, h.apartmentName, h.buildYear, h.roadName, h.roadNameBonbun, h.roadNameBubun, h.dongCode, h.dong, h.jibun, h.lat, h.lng, si.sidoname, gu.gugunname,
				(select dealAmount from housedeal where aptCode = h.aptCode and no = (select max(no) from housedeal where aptCode = h.aptCode and dealYear = ${dealYear} and dealMonth = ${dealMonth})) recentPrice,
				(select area from housedeal where aptCode = h.aptCode and no = (select max(no) from housedeal where aptCode = h.aptCode and dealYear = ${dealYear} and dealMonth = ${dealMonth})) area,
				(select floor from housedeal where aptCode = h.aptCode and no = (select max(no) from housedeal where aptCode = h.aptCode and dealYear = ${dealYear} and dealMonth = ${dealMonth})) floor
		from houseinfo h
		left join sidocode si
		on left(h.dongCode,2) = left(si.sidoCode,2)
		left join guguncode gu
		on left(h.dongCode,5) = left(gu.gugunCode,5)
		where dongCode = #{dong}
		having recentPrice is not null
		order by apartmentName
	</select>
	
	<select id="getAptInName" parameterType="string" resultType="houseInfoDto">
		select h.aptCode, h.apartmentName, h.buildYear, h.roadName, h.roadNameBonbun, h.roadNameBubun, h.dongCode, h.dong, h.jibun, h.lat, h.lng, si.sidoname, gu.gugunname,
				(select dealAmount from housedeal where aptCode = h.aptCode and no = (select max(no) from housedeal where aptCode = h.aptCode and dealYear = ${dealYear} and dealMonth = ${dealMonth})) recentPrice,
				(select area from housedeal where aptCode = h.aptCode and no = (select max(no) from housedeal where aptCode = h.aptCode and dealYear = ${dealYear} and dealMonth = ${dealMonth})) area,
				(select floor from housedeal where aptCode = h.aptCode and no = (select max(no) from housedeal where aptCode = h.aptCode and dealYear = ${dealYear} and dealMonth = ${dealMonth})) floor
		from houseinfo h
		left join sidocode si
		on left(h.dongcode,2) = left(si.sidocode,2)
		left join guguncode gu
		on left(h.dongcode,5) = left(gu.guguncode,5)
		where apartmentName like CONCAT('%',#{aptName},'%')
		having recentPrice is not null
	</select>
	
	<select id="getSchools" parameterType="string" resultType="schoolDto">
		select *
		from school s
		where s.schoolAddr like concat('%',#{sidoName},'%')
	</select>
	
=======
<?xml version="1.0" encoding="UTF-8" ?>
<!DOCTYPE mapper PUBLIC "-//mybatis.org//DTD Mapper 3.0//EN" 
	"http://mybatis.org/dtd/mybatis-3-mapper.dtd">

<mapper namespace="com.ssafy.vue.mapper.HouseMapMapper">

	<select id="getSido" resultType="sidoGugunCodeDto">
		select left(sidoCode,2) sidoCode, sidoName
		from sidocode
		order by sidoCode
	</select>
	
	<select id="getGugunInSido" parameterType="string" resultType="sidoGugunCodeDto">
		select left(gugunCode,5) gugunCode, gugunName
		from guguncode
		where left(gugunCode,2) = #{sido}
		order by gugunCode
	</select>
	
	<select id="getDongInGugun" parameterType="string" resultType="houseInfoDto">
		select distinct dongName as dong, dongCode
		from dongcode
		where left(dongCode, 5) = #{gugun} and dongName is not null
		order by dongName
	</select>
	
	<select id="getAptInDong" parameterType="string" resultType="houseInfoDto">
		select h.aptCode, h.apartmentName, h.buildYear, h.roadName, h.roadNameBonbun, h.roadNameBubun, h.dongCode, h.dong, h.jibun, h.lat, h.lng, si.sidoname, gu.gugunname,
				(select dealAmount from housedeal where aptCode = h.aptCode and no = (select max(no) from housedeal where aptCode = h.aptCode and dealYear = ${dealYear} and dealMonth = ${dealMonth})) recentPrice,
				(select area from housedeal where aptCode = h.aptCode and no = (select max(no) from housedeal where aptCode = h.aptCode and dealYear = ${dealYear} and dealMonth = ${dealMonth})) area,
				(select floor from housedeal where aptCode = h.aptCode and no = (select max(no) from housedeal where aptCode = h.aptCode and dealYear = ${dealYear} and dealMonth = ${dealMonth})) floor
		from houseinfo h
		left join sidocode si
		on left(h.dongCode,2) = left(si.sidoCode,2)
		left join guguncode gu
		on left(h.dongCode,5) = left(gu.gugunCode,5)
		where dongCode = #{dong}
		having recentPrice is not null
		order by apartmentName
	</select>
	
	<select id="getAptInName" parameterType="string" resultType="houseInfoDto">
		select h.aptCode, h.apartmentName, h.buildYear, h.roadName, h.roadNameBonbun, h.roadNameBubun, h.dongCode, h.dong, h.jibun, h.lat, h.lng, si.sidoname, gu.gugunname,
				(select dealAmount from housedeal where aptCode = h.aptCode and no = (select max(no) from housedeal where aptCode = h.aptCode and dealYear = ${dealYear} and dealMonth = ${dealMonth})) recentPrice,
				(select area from housedeal where aptCode = h.aptCode and no = (select max(no) from housedeal where aptCode = h.aptCode and dealYear = ${dealYear} and dealMonth = ${dealMonth})) area,
				(select floor from housedeal where aptCode = h.aptCode and no = (select max(no) from housedeal where aptCode = h.aptCode and dealYear = ${dealYear} and dealMonth = ${dealMonth})) floor
		from houseinfo h
		left join sidocode si
		on left(h.dongcode,2) = left(si.sidocode,2)
		left join guguncode gu
		on left(h.dongcode,5) = left(gu.guguncode,5)
		where apartmentName like CONCAT('%',#{aptName},'%')
		having recentPrice is not null
	</select>
	
	<select id="getSchools" parameterType="string" resultType="schoolDto">
		select *
		from school s
		where s.schoolAddr like concat('%',#{sidoName},'%')
	</select>
	
>>>>>>> 8dc7dd045e0223a381a2fd61cc44650e6dfb224f
</mapper>