<?xml version="1.0" encoding="UTF-8" ?>
<!DOCTYPE mapper PUBLIC "-//mybatis.org//DTD Mapper 3.0//EN" 
	"http://mybatis.org/dtd/mybatis-3-mapper.dtd">

<mapper namespace="com.ssafy.vue.mapper.MemberMapper">

	<select id="login" parameterType="memberDto" resultType="memberDto">
		select username, userid, email
		from ssafy_member
		where userid = #{userid} and userpwd = #{userpwd}
	</select>
	
	<select id="userInfo" parameterType="String" resultType="memberDto">
		select username, userid, email, joindate
		from ssafy_member
		where userid = #{userid}
	</select>
	
	<insert id="registerMember" parameterType="MemberDto">
		insert into ssafy_member (userid, username, userpwd, email, joindate)
		values (#{userid}, #{username}, #{userpwd}, #{email}, now())
	</insert>
	
	<select id="idCheck" parameterType="string" resultType="int">
		select count(userid)
		from ssafy_member
		where userid = #{userid}
	</select>
	
	<!-- <select id="listMember" resultType="memberDto">
		select userid, userpwd, username, email, date_format(joindate, '%y.%m.%d') joindate
		from ssafy_member
		order by joindate desc;
	</select> -->
	
	<update id="updateMember" parameterType="MemberDto">
		update ssafy_member
		<trim prefix="set" suffixOverrides=",">
			<if test="userpwd != null">userpwd = #{userpwd},</if>
			<if test="email != null">email = #{email},</if>
		</trim>
		where userid = #{userid}
	</update>
	
	<delete id="deleteMember" parameterType="String">
		delete from ssafy_member
		where userid = #{userid}
	</delete>
	
</mapper>